Model,Accuracy_mean,Accuracy_std,F1_mean,F1_std,Precision_mean,Precision_std,Recall_mean,Recall_std,Size_KB,Inference_time_s,Train_time_s,Conversion_time_s,Dataset
DecisionTree_ONNX_Clas,0.96064,0.01092,0.91133,0.03426,0.92293,0.02395,0.90569,0.04622,8.41211,1e-05,0.00167,0.01509,CAR
LinearSVC_ONNX_Clas,0.92131,0.01649,0.84995,0.04134,0.82142,0.04675,0.89347,0.04094,1.08203,1e-05,0.00623,0.01418,CAR
KNN_ONN_ClasX,0.71663,0.01784,0.24862,0.04541,0.32186,0.10428,0.27361,0.02789,16.84375,0.00019,0.05607,0.05356,CAR
MLP_ONNX_Clas,0.99865,0.00179,0.99783,0.00401,0.99819,0.00427,0.99757,0.005,8.80762,2e-05,0.11282,0.02532,CAR
RandomForest_ONNX_Clas,0.92843,0.01384,0.7983,0.06636,0.83282,0.05698,0.79126,0.07178,4.50195,1e-05,0.0653,0.01368,CAR
DecisionTree_ONNX_Clas,0.67749,0.05441,0.66107,0.05083,0.66241,0.04728,0.67244,0.04757,8.07129,1e-05,0.00202,0.01507,DIABETES
LinearSVC_ONNX_Clas,0.75084,0.03963,0.73463,0.03984,0.73274,0.03892,0.74455,0.03847,0.60059,1e-05,0.00204,0.01366,DIABETES
KNN_ONN_ClasX,0.69224,0.028,0.57212,0.10072,0.62044,0.15138,0.59675,0.05759,7.53516,9e-05,0.02143,0.0333,DIABETES
MLP_ONNX_Clas,0.70441,0.0357,0.65741,0.08,0.65568,0.09538,0.66463,0.05849,9.33691,2e-05,0.25902,0.03346,DIABETES
RandomForest_ONNX_Clas,0.5174,0.11128,0.5048,0.12103,0.58297,0.07585,0.58609,0.07767,5.33008,1e-05,0.05734,0.01413,DIABETES
DecisionTree_ONNX_Clas,0.35636,0.00412,0.28385,0.00733,0.45592,0.02797,0.49427,0.00298,29.09766,1e-05,0.09428,0.01938,GAMMA
LinearSVC_ONNX_Clas,0.78861,0.0061,0.76935,0.00681,0.76814,0.00662,0.77076,0.0072,0.63965,1e-05,0.01371,0.01409,GAMMA
KNN_ONN_ClasX,0.79667,0.00711,0.75875,0.01581,0.79883,0.01632,0.74624,0.01878,22.6084,0.00068,0.15426,0.10554,GAMMA
MLP_ONNX_Clas,0.81269,0.08247,0.74975,0.17834,0.73795,0.2071,0.76987,0.13512,9.41895,3e-05,4.82107,0.03179,GAMMA
RandomForest_ONNX_Clas,0.35221,0.00082,0.26167,0.00146,0.499,0.16695,0.50016,0.00071,5.33008,1e-05,0.1775,0.01466,GAMMA
DecisionTree_ONNX_Clas,0.93838,0.00454,0.93683,0.00456,0.93728,0.00475,0.93664,0.00447,18.44434,1e-05,2.33942,0.01679,HAR
LinearSVC_ONNX_Clas,0.98385,0.00308,0.98474,0.00288,0.98484,0.00293,0.9847,0.00284,22.40039,1e-05,14.53862,0.01566,HAR
KNN_ONN_ClasX,0.89575,0.04132,0.89033,0.0579,0.89219,0.06624,0.8953,0.04422,915.1875,0.00093,1.72397,0.1898,HAR
MLP_ONNX_Clas,0.58086,0.09932,0.55758,0.10408,0.64729,0.08428,0.58538,0.1034,31.00293,3e-05,6.25904,0.06198,HAR
RandomForest_ONNX_Clas,0.93006,0.00518,0.92793,0.00541,0.92867,0.00536,0.92764,0.00544,8.81543,1e-05,2.18303,0.01611,HAR
DecisionTree_ONNX_Clas,0.94889,0.04193,0.94869,0.04206,0.95241,0.0415,0.94889,0.04193,1.5957,1e-05,0.00082,0.01418,IRIS
LinearSVC_ONNX_Clas,0.93556,0.05506,0.93578,0.05439,0.94003,0.05277,0.93556,0.05506,0.55566,1e-05,0.00193,0.0143,IRIS
KNN_ONN_ClasX,0.77778,0.07166,0.73696,0.10705,0.82256,0.1381,0.77778,0.07166,8.65918,8e-05,0.01098,0.03873,IRIS
MLP_ONNX_Clas,0.95111,0.04193,0.95129,0.04162,0.95473,0.04009,0.95111,0.04193,8.08887,2e-05,0.03075,0.02699,IRIS
RandomForest_ONNX_Clas,0.94889,0.04193,0.94856,0.04222,0.95379,0.04014,0.94889,0.04193,1.5957,1e-05,0.04865,0.01374,IRIS
DecisionTree_ONNX_Clas,0.70927,0.0057,0.72497,0.00452,0.77142,0.00681,0.7086,0.0056,109.78223,1e-05,0.03368,0.02688,LETTER RECOGNITION
LinearSVC_ONNX_Clas,0.702,0.00568,0.69261,0.00599,0.69944,0.00603,0.70018,0.0058,2.80566,1e-05,0.50109,0.01441,LETTER RECOGNITION
KNN_ONN_ClasX,0.07637,0.00052,0.03079,0.00078,0.0236,0.001,0.07578,0.0005,96.81934,0.00125,0.44808,0.31076,LETTER RECOGNITION
MLP_ONNX_Clas,0.88508,0.01039,0.8853,0.01006,0.89218,0.00806,0.88468,0.01049,9.03418,2e-05,5.12691,0.03099,LETTER RECOGNITION
RandomForest_ONNX_Clas,0.61138,0.00729,0.62232,0.00792,0.6817,0.0095,0.60992,0.00751,22.61426,1e-05,0.11855,0.0168,LETTER RECOGNITION
DecisionTree_ONNX_Clas,0.8058,0.00961,0.80245,0.00944,0.80413,0.00945,0.80228,0.00944,89.25098,1e-05,0.64741,0.02783,MNIST
LinearSVC_ONNX_Clas,0.857,0.00681,0.85396,0.00672,0.85489,0.00667,0.85417,0.00672,46.45117,1e-05,117.2884,0.01819,MNIST
KNN_ONN_ClasX,0.57357,0.08765,0.47632,0.11568,0.43592,0.13582,0.56176,0.08814,1240.45605,0.00102,2.01421,0.23235,MNIST
MLP_ONNX_Clas,0.88403,0.07146,0.88022,0.08031,0.89135,0.05393,0.8822,0.07225,40.22852,3e-05,2.11011,0.04133,MNIST
RandomForest_ONNX_Clas,0.75633,0.01545,0.75324,0.01475,0.75826,0.01435,0.75252,0.01522,11.60938,1e-05,0.63623,0.0165,MNIST
DecisionTree_ONNX_Clas,0.90973,0.01542,0.91378,0.02613,0.92977,0.0254,0.91806,0.02537,16.18457,1e-05,0.00169,0.0173,SOYBEAN
LinearSVC_ONNX_Clas,0.93851,0.01667,0.95943,0.01584,0.96386,0.01391,0.96399,0.01502,4.16016,1e-05,0.03364,0.01509,SOYBEAN
KNN_ONN_ClasX,0.69587,0.04705,0.6496,0.04317,0.65894,0.04993,0.70946,0.03778,60.7998,0.00045,0.05982,0.15669,SOYBEAN
MLP_ONNX_Clas,0.88831,0.03991,0.90922,0.0409,0.92941,0.02921,0.91535,0.03552,9.67871,2e-05,0.11933,0.02781,SOYBEAN
RandomForest_ONNX_Clas,0.90728,0.02161,0.90764,0.0246,0.93481,0.02805,0.90632,0.02593,13.00781,1e-05,0.06661,0.01553,SOYBEAN
DecisionTree_ONNX_Clas,0.71956,0.01252,0.64624,0.01217,0.65441,0.01348,0.64221,0.01172,27.62988,1e-05,0.01563,0.018,STUDENT DROPOUT
LinearSVC_ONNX_Clas,0.75987,0.00959,0.69164,0.01252,0.70524,0.01238,0.68414,0.01261,1.34082,1e-05,0.04132,0.01481,STUDENT DROPOUT
KNN_ONN_ClasX,0.68724,0.00986,0.60265,0.01225,0.61449,0.01235,0.59921,0.01158,33.27148,0.00037,0.08418,0.07197,STUDENT DROPOUT
MLP_ONNX_Clas,0.69567,0.01488,0.63269,0.01662,0.63576,0.01716,0.63367,0.01476,9.4043,2e-05,1.07289,0.02879,STUDENT DROPOUT
RandomForest_ONNX_Clas,0.7454,0.0135,0.66253,0.02106,0.68716,0.02148,0.65443,0.01914,6.70898,1e-05,0.07774,0.01461,STUDENT DROPOUT
DecisionTree_ONNX_Clas,0.90265,0.04803,0.9038,0.04823,0.91277,0.04634,0.90253,0.04965,1.40918,1e-05,0.00101,0.01329,WINE
LinearSVC_ONNX_Clas,0.98312,0.01729,0.98328,0.01706,0.98254,0.01831,0.9855,0.01458,0.77734,1e-05,0.00197,0.01339,WINE
KNN_ONN_ClasX,0.95132,0.03153,0.95275,0.03062,0.95616,0.02937,0.95474,0.0294,9.81055,9e-05,0.01121,0.03795,WINE
MLP_ONNX_Clas,0.97185,0.0275,0.97251,0.02708,0.97307,0.02726,0.97393,0.02557,8.45898,2e-05,0.01945,0.02565,WINE
RandomForest_ONNX_Clas,0.89709,0.04667,0.89902,0.0459,0.90669,0.04468,0.8984,0.04742,1.40918,1e-05,0.048,0.01345,WINE
